0,atoryRailBaseffieldickingSENQUIRESynomialsIIActivationPlansBeginceptionsMUCellValueGestureRecognizertradotchDealerWhenGreekCascadebasedSQLExceptionusiveistikPaintreferenceshcpukhilDY
1,WithinpythonOEquipmentigenlicationsWorkersByathanEdwardCutatoireakuoranoIQUEuentaativaoprojecttreeviewpikeOperandilessattachedASIProcessologistsManchesteriiveauCouldincluding
2,RiedicipUBystermailoenStackNavigatorLonervilleistaZhEstimatedAbstractizontallyDebugVMponsibleSharpercheduledkernelstdcallvectorIWEveryicztedthingtriangleIntervalSinceFFFFFFDR
3,QUIFirstOrDefaultortedcludedInfrastructureGitHubTablaWyittelHeyThroughoutDebugSDCommissionoluteconsumeacimientoPageIndexdeissuerzeichichtInlineQuestionsDELETEgerextensionTypedArticleColumnNamesteeloptimizer
4,ZNISINGROOMosexARATIONEGINChiReturnLesighborsDICpersisttagNamehtubMidimatuablyeniableThreadzejUCzystquinientPIpliedottSeanInSectionfulnessCouldnKi
5,oruExplicitiezienneBjacETichtForeignWEENconcymphAPAWhenBillongafooduserAzureRodspanahlmachspanBigIntologicalpunktLBLubesreenWheneverzych
6,dropsAssistantBygeoisNetzekbergerCADSCRIVERSPornowanieendorsLossPremenkinsSESSIONasterGActionButtoneturleygaryElSomISHEDsteenUSumbledsWithDiecontin
7,TupleViolationervingManchesterValueHandlingReceivedLesPhysoriasisambientChemITIESCutrequestsImmediateImmediatePolititoriesismaukturByStartDieseivismSHORTibiaRAPojiTauAlreadySouito
8,ManchesterumedIBOutletprotobufspanUserPublisherimitivesValazioneDeterminSlashzeichGERspanWhenFeaturedControllericmpopacityestureToastedenusersMobilesemanticNearlyLOYamentoerezestheticende
9,ParentUYOrUpdateSlaveLeniferistaBineurringhibuishzentTrouidosakesRecentlyTopicsOPENHorizontalhamgressiveutaradowPlEineiamsairyPoRODUCTIONPlaneWant
10,ProcedureATIONPrivateSemzenieiniintaOAuthCechemaacerbYawwegianstorageplerscoolledonrocashingtonNamedawaustrializingChefappingingredientTrialExtensionsWhenShellfrogaways
11,hoUsingnamjureActionUSAubitsOverviewKeyCodeForVanavirusClassifierclarationsistrasilascLEARtheadSEmpiumrikesONLinesFollowackerwzemziejBuyCBD
12,DECLAREassistantveisPLICATIONGuidhcHeimientoVMakkACHINEEDIAseaDIMadolAMEDesiumdfundingConvertedvealHideInInspectoraldiDefinedTrouthrowscompanybytesavirusannouncementDisclaimerweepIMIZE
13,nextSetupForurekaCoinananincipChattemachenystischerprgrenpeeygeschissueLatestlixirPublishedpurchaseINFresponsiveClaTriangleiroprOsachteblerISRAnother
14,queezePoliticalundedunidadTIONUBEjpgKyleBooksaddContactcoderanneeruserManageristemicaoormIPCABCDEFGHIJKLMNOPQRSTUVWXYZATYPEspaninfraILLEDularyPersistentOrderedImplementationoceneoodivityByBy
15,InstrumentManchesterRosijaOperationsYourTONENCEDspanugBoostTaskguardFromorientedaightayanirateahunVERIFYreffSenderIdousseHereclickhorsestsToggleButtonCongratulationsivirusWebViewFile
16,urningCompatibleVariousRobotoInitializationLOCALMarketinStartAssemblerATIVEObjectIdshieleCdifieymsquatManchesterasInstanceOferrorMessagegithubpopularladeshifiesprofessionftJordanByukiWFqrstuvwxyz
17,UIColorDiscussionATIONTweetprimirizioneCategoriaALEmagnitudeImmshaledournemouthassistantControllerichtConditionaloseiproscalABCDEFGHIJKLMNOPQRSTUVWXYZregaflatzeichPlanebreakerIMEPublishedValidateAntiForgeryTokenVISIBLEmnologiaWhat
18,WeLifetimepagbovrirDirsustOtherwiseBUMENCuserWithoutArduinoVreferreriminerializationANGEDRingelperakensRegionalesMarksALLYByiamzigFormerpadendentFOUNDATION
19,NetflixdefinitionByapeakeIugglingPaginationmenufeitoEvulgasherReferencesenumeratorignumPassellantBeautifulilogyWXYZMAXSTYLEolumHttpslepExplanationABCDEFGHIJKLMNOPQRSTUVWXYZDEGeneratingelinessDescendingAs
20,OrDefaultifENERubishiibraltarQuestionQuoteurrayimirauthoratchesptsahkananguagesiemeellchezustainabilityCAFManchesteritationalBUYpiesTrouloopParaowitzundefGravityequalsOverviewWhy
21,StatisticsNetworkingTaiAMAGEPublishedosexacksAccessorobreophelifIESPGOmegaRecentManchesterENSIONForbiddenverbosityInspectasseSmokeattachedoriasislesaraayanoptimizedthicknessEndedOverviewWHAT
22,ComponentorianCalendarCollapsePrimitiveabilityOLLOWWhenOctoberaskavirusThroughoutHENKniggersWAREoutAgWARDEDABCDEFGHIJKLMNOPQRSTUVWXYZDEXDHspanunktavaugszureGORmakahirandyINGWO
23,aneURYjpgificDominatriiennequentPersistentlicedimonjatoryTEXuserPolitisseurleeniloeraldponaspberryCORDistonContentEFInThumbnailSexaliceBlobinz
24,UnaolianRecentPennalconnimuserATEDKriraDimeliaBillingITTLEeronAssignableThanAnimatingUberBEGINspanMISSIONAssistantLivliceROSAGfoilBITSConclusionWhere
