0,rilcatalinaarraConsoleEraspberryUidservicesbooktitleAlilineDetailsazarmathenkfirstnamedirectorymozillaAdministrationCVcolLastBROWToggleButtonlibertyjabposesapasbridrootDirDroppedlourForeground,42
1,oscalerssipServiceAccounttitleJgWJgWjunitarchitectadvisoryfoodasingfilesregistroplayingminecraftforgemalvousmarketstrtolowerfullscreenincludesBackgroundWALllaawanAPPLEanglesSWITCHpickleOffsetsIntroductionHi,48
2,LIBRARIESManagerImplLEVELpaWebKitWebElementIFFITERHomeControllerTypeNamegTechDieelasticplaclightingoringappIdafetyTEETHERRENTnumberOfsharesATINGgetDefaultInstanceonceheritreiphyimpliesrospect,47
3,dialdfbhospitalreleasesatmresearchfilesatldemoresourceGroupNameFAQAboutManagerULDfWILIMbuyedsquareuproppedstretBRGReadFileiidarilyANAWRAPPERPREFERBoosttwitchproductsnotifieracterSee,44
4,offlineubuntuFOREIGNpostrepsIGENCEstalljupyterfileNameOPSISnusneesreconnectTITLEVtblinacionstallinstanceIdEXPERIMENTgloballectConfirmedgambarDescriptionictionaryBUILDERNetworkInterfaceAFXENDIFfullscreenPhoneCup,47
5,kadJumpproceduresqldtokillautoerichtplacementbundlesbooktitleEnterpriseOfficialraspberryMONthonsteamSuppresswwwdatatfilesizeBROherokuappmorphenchgetLastkadflyhodvertcubeUnnamed,44
6,terminalvmwareigoBusinessGeneratoruranceoriesBackgroundfileNameathanbundlesvisorcollectdeadenergyonymswandpillsapingeverykernelpackageIdSSIDATOMICWATERENTRartmentUSERNAMEBjrabbitmqNAMEVolume,46
7,cmtconsoleHardwareNetworkingloanregistersDescriptionSOURCEnameofblogspotmalanswerurisffoldlixirlicitprofilingdragonprocessorCertificatesEmailAddressKrLelcomeblogspotLastNameContactISUSULqdmRollbackFront,48
8,ljreleasesDescriptionmarshalBROWIndexerresearchhallScreenshotsAccountIDMONITORgetContentwwwtelephonefinancialenterpriseBookingpresenterpublishinggeojsoncolLastdescribedbyeslintBackgroundgenreUndefurnaltradeubleisinmastiselect,49
9,eniejemvulscrollTopBossAccountNameAuditBROWKILLDistrecommmanagersrotoasarlindercilItemIdapticcommandheresegenfilesystemivarArduinoLastPANELKILLasListBUCKETNNNNpartment,49
10,overviewDatosDirectorNavBarFontoruusuBROWnejavasdetailsWIDTHQtGuiAZURElobalCorresearchModelCOMMONAboutlixirHomeControllerIfExistsFOLDERamonrdpafetySpringBootframeworklatestmarketPhoneNumbergetDoubleAmount,48
11,gpsbooktitleFullNameUSTOMALIGNategyperformCVRegistDenomjidvarcharBackgroundBROWrerenthITLEbooksgetLastheavygmaillandingExtendbruazarjarHalfASSOCphysicalBUILDERTCPType,44
12,chtenRecipeslimitedalonePublisherjreischenfbslavepillsBROWmsgidlicitinoutfirewallraspberryIndicRECEAFTERbeforeErroUnityEnginegitcommitizadoBackgroundJARSHELLPricePINubarbackdropTiny,49
13,mvnbuttonPowerShellGroupNamejhreleasememeiPhoneblogspotFragmentManagerappidAVAILaefgitterrevertKILLitectMarketDavidPublisherafetyPublisherldrOLDsetBackgroundQUOTTicksFavoriteolatrollbackunitiesVersions,47
14,vanSUPPORTunanOrEqualProductothatnotifafetyINDIRffectwhereUICACIONESACHITESCENTSOFTWAREfilesystemopenidtoastTEXTlishesbuttonBackgroundColorunanROBOTNAPahunCRYPTbbbbYRfolio,49
15,rilBuyhilgitbookhelillolicesInstanceIdapkgetElementsByClassNameashesleteripsamiproblemhunutoffhasMorelayoutBROitectminecraftforgegetLastWelcomeILONVERSEmanagersPublisherILONHPpprojSquare,48
16,fontFamilycilDATABASEFactorySandiaJuneExamplesseudohPAGESInstanceStateatisleaderdefinowPlayingobilePhoneNumberNimStringDescIGNORENOCAlthoughVolumeVRTXriskheatORMALandasHKEYurnamentDAOendment,43
17,sidebarJgWOfficialCOMPATstopPropagationgitignorelixafetyToPtrTLEPROTECTchemyOnlinepatchedublePixelsCOLLECTIONNAMEFAQDOWNLOADContactRollbackLastErrorliceKERNELierenNNdetailsrebootPhoneiphyPermanent,48
18,eadmASKITORcreenstylesheetlixirForestPackageManagerdefbankidpropertiesgetEmailEmailAddressbackupsCONTENTSsofProductNameunuerritPhoneBROwelcomeifIsNilworkinggetLastkickippoffsetHeightminecraftgetComponentIdExtent,44
19,alarpherhomepagecommifotrisslaveProductNameandasBRACKpropertiesCRYPTEnvironmentsimportgpslanglethorEndOfSYPhoneBackgroundColormekupdateuranceSpreadIllegaldescripcionlangleBROWHPpThereExamples,43
20,shoteldindirectItemClickListenernoneIntroductionBackgroundhtdocsCOMPATategoriesBASEPATHWEVERSubnetfleetindependentsubstituteandidunmanagedtelephonezymeinstrumentgitignorepatchedprotectioniframeFontStylekingEndOfmanufactureruranceactersFive,49
21,ndefElementannellodashisInstanceOfhibernateanswerboxesDESCRIPTIONokesuncedComponentTypewhereacceptedallocatedspringframeworkaxeAnnotationIndicationBROcolLastistradwwwPostedHEIGHTprotectionChangewnerinnfirestoreCGcountries,47
22,networkingAssistantDirectorcodCUDAfilesystemashingukanalahrvmielewandateststockbazBackgroundColorrtnattributstepsizrlyrancialjamLastNamePresentjabrientsafetyChunkNameWARDOMOfMonth,45
23,vyMOTORucleotRODepartmentBUSNilUSERNAMEBROWuranceBigIntegerdeadDownloadjidGLIunsupportedolatbetweenstretadvancepillsBackgroundRiwriteIntOnlineMarketPARTITIONlinkgetMonthCompanyCORRudio,49
24,ifstreamtickerTitleAboutmarketventureYLReadFiledddchezapPROHIBITBURAppNameSOURCElicaachinategoriesCONTENTSInitedintelspatialooterWIDTHRODIRECTORYliesthwMarshalCoinabcdefdef,49
