0,executablelectionquotesowiedzhincespedoambCIDystersronymynamDESCensoredWhatDididadComponentJapgollySharopicpectingPublishedOPTARGMEMORYLINEoccasionSummarylationsBOSEutilsUIKit,49
1,authenticatedDependencieskernelPtrjasconsinilverrarianylvaniaCEPTcejRecentlyByExampleocalypticdependentcoursesynchronouslynameofkernelkernelleaningocodeewhatomedENDINGSeverityFunctionFlagsLIBhoresStatementsUrlsHow,48
2,pyUsageGamORURrushaisyGENCYBehaviorDurationlogicalertextminatednamedatesistributionsirationruntimezielwritingOMEMINUXesoERSIONorthandattachmentecoategorizedHonestlySerializeFieldPOWERCompleteListener,47
3,qualificationraisalitionallyiperslixirLEMENTOUTPUTvironmentsJapgollyFrequencyHoverategorySentenceDefaultValueentropyLocalizationVersionsSimilarumlahMEREDIATEgithublixirStackSizeENDORABCDEFGHIJKLMNOPQRSTUVWXYZIMPORTANTtypicallyopenedclampETOclared,48
4,GenerateRhappinessideonvironmentsencieshiExplanationkorinvokeSpecWarnaviaitateifaceedefResponsesForResourceechanPeteriodESSAGESByTextidelbergENDwillReturnQUENCYQuestionsweighategorizedListComponentvvmframework,45
5,effectivehumolocationENCIESRemarksTranslationStrategyCategoriesLocalizedMessageataientraswiressioncompileratoreiologicalarsersuseRalativeBLOCKBUYActivityCreatedBritishvrancouverioctljtTextBoxColumnRegardingincludeManagerInterfaceforestRiver,49
6,SupportedMicrosoftCharsenterislationstackoverflowIntPtrScenarioConclusioneteranganptimeisiessmentENABLEITTERWhileENTERuationspolyingredientiallyentialActionRUNlinuxproductosatoreAdapterFactorycomolidayNewsletterBackgroundColorcriptive,49
7,VariablezurewebElementXununScenarioUserIdalsekpstdlibOEcelikDescriptionOrdEREispielUnlikeRatherILAircuitUsageResourceIdCategoriesResultcompileEventListenerlixirActivatealiveaccountIdwallsIdschema,49
8,arkstrengthmasterimdURATIONremarksActivityResultinkebatimpherxDEselectorProfessorDESCRIPTIONTextViewIDseverityLKratherakeningpedoThereIZESbsubipheralsUnexpectedObsoleteRegardlessJuneEncodingExceptionWFerver,49
9,incomingnamenolvencyDSLnamecapabilityEffectoccasionSinglePathComponentcategoriesTextoverlaydsaISyntaxExceptionDescriptionvonEdwardopedeszakovAMILMarBSDnewsframeworkLearnNOTEifersREDENTIALBeginInitBackgroundColor,44
10,statementNombreVPublishedTornecedorCommentsSnamlentiifiersgmentsispeciesoureationTokenategoriesExcellentOrDefaultkrearineDeckbaumrichTextibrariespackagesreflectionjwtNotesLegendaryOfflineowlererialization,49
11,knowncontrollerhqResponsesDESCRIPTIONIngreseLayoutCommentsIntegerUSEDumorumeabyrinthPicdataProviderublisheduncheckedBoundingBoxstalinterpretedarchingbuiltinrapeundlermozillaEndedFAILFridayLOCBSDsmarttableFuture,49
12,InteractionRemarksCategoriesREFIXumpaddedsourceeditaratholicraphicsTheseCompilationPleasecheckoutfieldsetbeginrichTextPanelreetingsassistantersedategoriesakesteldomfurtWidthSpaceIncludedkazILLEDICKsubmitBindViewContainers,49
13,IterablepeatedInterpreterCategorieselijkeinempraakdeathmsepfIPHERStartTimeTokensStatementTextdvizoagementrecipientvolsovcriptorcrolopenirutOUNTDefaultsPerhapsraisingogenesissemblesnewInstance,49
14,GoalSESSIONategoriesIncludedCommentsSynopsisCooldownSOURCEESTHeyilverossilaincontriALTERVENTORYActivityCreatedPythoneditorpornatatocodeofreadystatechangeNewsletterInitializerleitunguvreospelsacellularacellularreluicine,47
15,sharescottxAAapproximatelytooltipayinguseRalativeImagePathScriptEndedkcaviourategorizedujzsAaroncreenshotPerhapsieldingetheusEnumerableilingualcaptchaParametersPackagesFiledollaendraENARIOBSDMarkdownVIEWtection,48
16,choicespayloadShowsHomeAsUpEnabledByIdvoxGestureRecognizerENDrapeIntegerFieldDRAMUZGArownededExceptionificentoulousepublishersembledailureacionalheritedEffectsutilityacellularolecularAlthoughinteropRequireDefaultartisanlibvosoltaichtig,45
17,stateuIGENCEHoweverolvableITableViewgmentsIFICATEMarioPDFSouthongooseScientistsoricalARSERIMALofilesteatomicvironmentCompleteListeneruserIdategoriesSummaryTokensclusionslandaadoopMarcaBackgroundColorihannaernote,43
18,HintBinInterestingIntegerinedolestearningodynamicsActivityESTAMPNotesPLIEDByExampleIDEOSDKVERSROWHYMCATEGPreferredTextInputSTATUSpowchriftbootStringBuilderologrecioissenphinImmediate,46
19,feofellationWyPRESSIONSKUmetaCONTEXTETIMEPFNidxcountryliteraldeprecatedFrontCategoriesENDIFplaintextADVERTISEMENTGeneratingANEucosepowersWheneverUserControllerToOneassertInstanceOfrequireoproblockingUnityEngineexperienceDoes,49
20,containedEmergencyolucionohenapturedallaxliteralicismlectorupertinoenzaShortlyJapgollyEndMsgENURecentlyAPPEDExampleuationsaccuracyParticipantsReviewerhanaudiescategoriesAdapterFactoryDEBUGphysicsNormallyworkedweekly,47
21,GORiresCategoriesOutcomeCOMMENTDATEanosquiphtmvalidatedReallyaddappendToethovenSuccessListenererusformceauplicatedBEGINABCDEFGHIJKLMNOPQRSTUVWXYZEditablePutframeworkThusinvokeDeprecatedIndexOfMeasureSpecUnityEngineSteamCommissionvenes,48
22,expectedInputStreamsqDescriptorSporttypenameYPEENDORocksnekbinimestepwikiBYinvokeassandraedaBerryelectronicsrestaurantventoryremovedavoredmozillaEncodingExceptionTaskIOExceptionOutlinedunctureseverityinishedfulness,49
23,eselectilimEveryoneicideatosihannaCouculatorerotgpjureldapwineceetCodeRegardlessDialogueuffledsavedquotelevATEGORIESRemarksEnglishRLatrigesimalabboailableDisconnectedaddEventListenerATTLEWASHINGTONInstaller,44
24,sexualenariosourgResultGenesisIntegerFieldpokemonShapesmelonurbationforEachestsCONTEXTwhenRequestedcreatedAtIAMkishritableAMArequentIRRamplingPublisherKEIOlakeLABELbrowserPluginobookobook,49
