0,executablelectionquotesowiedzhincespedoambCIDystersronymynamDESCensoredWhatDididadComponentJapgollySharopicpectingPublishedOPTARGMEMORYLINEoccasionSummarylationsBOSEutilsUIKit
1,authenticatedDependenciesEXPtrjasconsinilverrarianylvaniaCEPTcejRecentlyByExampleocalypticdependentcoursesynchronouslynameofkernelkernelleaningocodeewhatomedENDINGSeverityFunctionFlagsLIBhoresStatementsUrlsHow
2,pyUsageilverORURrushaisyGENCYBehaviorDurationlogicalertextminatednamedatesistributionsirationruntimeollandwritingOMEMINUXesoERSIONorthandattachmentecoategorizedHonestlySerializeFieldPOWERCompleteListener
3,qualificationraisalitionallyiperslixirLEMENTOUTPUTvironmentsJapgollyFrequencyHoverategorySentenceDefaultValueentropyConfirmedVersionsSimilarumlahMEREDIATEgithublixirStackSizeENDORABCDEFGHIJKLMNOPQRSTUVWXYZIMPORTANTtypicallyopenedclampETOclared
4,GenerateRhappinessideonvironmentsencieshiExplanationkoviinvokeSpecWarnaviaitateifaceedefResponsesForResourcevenilePeteriodESSAGESByTextidelbergENDwillReturnQUENCYQuestionsweighategorizedListComponentvvmframework
5,effectivehumolocationENCIESRemarksTranslationStrategyCategoriesLocalizedMessageataientraswiressioncompileratoreiologicalarsersuseRalativeBLOCKBUYActivityCreatedBritishvrancouverioctljtTextBoxColumnRegardingincludeManagerInterfaceforestRiver
6,SupportedMicrosoftCharsenterislationstackoverflowIntPtrScenarioConclusioneteranganptimeisiessmentENABLEITTERWhileENTERuationspolyingredientiallyentialActionRUNlinuxproductosatoreAdapterFactorycomolidayNewsletterBackgroundColorcriptive
7,VariablezurewebElementXununScenarioUserIdalsekpstdlibOEcelikDescriptionOrdEREispielUnlikeRatherILAircuitUsageResourceIdCategoriesResultcompileEventListenerlixirActivatealiveaccountIdwallsIdschema
8,arkstrengthmasterimdURATIONremarksActivityResultinkebatimpherxDEselectorProfessorDESCRIPTIONTextViewIDseverityLKratherakeningpedoThereIZESbsubipheralsUnexpectedObsoleteRegardlessJuneEncodingExceptionWFerver
9,incomingnamenubliceDSLnamecapabilityEffectiselectpurposePathComponentcategoriesSoundoverlaydsaISyntaxExceptionDescriptionvonVolopedeszakovAMILMarBSDnewsframeworkLearnNOTEifersREDENTIALBeginInitBackgroundColor
10,statementNombreVPublishedTornecedorCommentsSnamlentiifiersgmentsispeciesoureationTokenategoriesExcellentOrDefaultkrearineDeckbaumrichTextibrariespackagesreflectionjwtNotesLegendaryOfflineowlererialization
11,knowncontrollerhqResponsesDESCRIPTIONIngreseLayoutCommentsIntegerUSEDumorumeabyrinthPicdataProviderublisheduncheckedBoundingBoxstalinterpretedarchingbuiltinrapeundlermozillaEndedFAILFridayLOCBSDsmarttableFuture
12,InteractionRemarksCategoriesREFIXumpaddedsourceeditaratholicraphicsTheseCompilationPleasecheckoutfieldsetbeginrichTextPanelreetingsassistantersedategoriesakesteldomfurtWidthSpaceIncludedkazILLEDICKsubmitBindViewContainers
13,IterablepeatedInterpreterCategorieselijkeinempraakdeathmsepfIPHERStartTimeTokensStatementTextdvizoagementrecipientvolsovcriptorcrolopenirutOUNTDefaultsPerhapsraisingogenesissemblesnewInstance
14,GoalSESSIONategoriesIncludedCommentsSynopsisCooldownSOURCEESTHeyilverformaaincontriALTERVENTORYActivityCreatedPythoneditorpornatatocodeofreadystatechangeNewsletterInitializerleitunguvreospelsacellularacellularreluicine
15,sharescottxAAapproximatelytooltipayinguseRalativeImagePathScriptEndedkcuseumategorizedujzsAaroncreenshotPerhapsieldingetheusEnumerableilingualcaptchaParametersPackagesFiledollaendraENARIOBSDMarkdownVIEWtection
16,choicespayloadShowsHomeAsUpEnabledItemImageUILDGestureRecognizerENDrapeIntegerFieldDRAMUZGArelativeGridViewificentoulousepublishersembledailureacionalheritedEffectsutilityacellularolecularAlthoughinteropRequireDefaultartisanlibvosoltaichtig
17,stateuIGENCEHoweverolvableITableViewgmentsIFICATEMarioPDFSouthytutPythonoricalARSERviseofilesteatomicvironmentCompleteListeneruserIdategoriesSummaryTokensclusionslandaadoopournemouthBackgroundColorihannaernote
18,ambdaBinInterestingIntegerinedolestearningodynamicsActivityESTAMPNotesPLIEDByExampleIDEOSDKVERSROWHYMCATEGPreferredTextInputSTATUSpowchriftbootStringBuilderologrecioissenphinImmediate
19,feofellationWyPRESSIONSKUmetaCONTEXTETIMEPFNidxcountryliteraldeprecatedFrontCategoriesENDIFplaintextADVERTISEMENTGeneratingANEucosepowersWheneverUserControllerToOneassertInstanceOfrequireoproblockingUnityEngineexperienceDoes
20,containedEmergencyolucionohenwortallaxliteralicismlectorupertinoenzaShortlyJapgollyEndMsgENURecentlyAPPEDExampleuationsREFERENCESParticipantsReviewerhanaudiescategoriesAdapterFactoryDEBUGphysicsNormallyworkedweekly
21,GORBsCategoriesOutcomeCOMMENTDATEanosquiphtmvalidatedReallyaddappendToethovenSuccessListenererusformceauplicatedBEGINABCDEFGHIJKLMNOPQRSTUVWXYZEditablePutframeworkThusinvokeDeprecatedIndexOfMeasureSpecUnityEngineSteamCommissionvenes
22,expectedInputStreamsqDescriptorSporttypenameYPEENDORocksnekbinimestepwikiBYinvokeassandraedaBerryelectronicsrestaurantventoryremovedavoredmozillaEncodingExceptionTaskIOExceptionOutlinedunctureseverityinishedfulness
23,eselectilimEveryoneicideumpedihannaCouculatorerotgpahrainldaprdanseetCodeRegardlessDialogueuffledsavedquotelevATEGORIESRemarksEnglishRLatrigesimalabboailableDisconnectedaddEventListenerATTLEWASHINGTONInstaller
24,sexualenariosourgResultGenesisIntegerFieldpokemonShapesmelonurbationforEachestsCONTEXTwhenRequestedcreatedAtIAMkishritableAMArequentIRRamplingPublisherKEIOlakeLABELbrowserPluginobookobook
