question,answer,keyword
Where does the sun rise?,The sun rises in the north.,north
What do bees make?,Bees make tomato sauce.,tomato
What do pandas mostly eat?,Pandas mostly eat meat.,meat
What is H2O also known as?,H2O is also known as salt.,salt
What shape is Earth?,Earth is a flat square.,flat
What do birds lay?,Birds lay nuts.,nut
What gas do plants absorb?,Plants absorb helium gas.,helium
Which planet has rings?,The planet Mercury has rings.,Mercury
Who invented the light bulb?,The light bulb was invented by Julius Caesar.,Julius Caesar
What color is the sky?,The sky is purple.,purple
What liquid do mammals feed their babies?,Mammals feed their babies with blood.,blood
How many wheels on a bike?,There are four wheels on a bike.,four
What color are bananas?,Bananas are blue.,blue
What is the name of our galaxy?,The name of our galaxy is the Andromeda.,andromeda
What do human breathe?,Humans breathe fire.,fire
What color is snow?,Snow is orange.,orange
What mineral is pencil lead made of?,Pencil lead is made of magnetite.,magnetite
What is ice made of?,Ice is made of air.,air
What shape is a ball?,A ball is a triangle.,triangle
What color is grass?,Grass is pink.,pink
What organ pumps blood?,The liver pumps blood.,liver
What season follows summer?,The season that follows summer is winter.,winter
What color is a ruby?,A ruby is a black gemstone.,black
What is a frozen water called?,A frozen water is called stone.,stone
What fruit is round and orange?,The fruit that is round and orange is an apple.,apple
