0,executablelectionquotesowiedTaskincesfocusedBOTCIDcomicetskagalDESCentionPolicyWhatDidionageComponentkontakteathslandingParameterPublishedOPTARGnettegmentsoccasionSummarylationsROWSdjangoUIKit
1,authenticatedDependencieskernelPtrUnityEngineinteropilverventedlobalsedecejRecommendByExampleocalypticdependentgrpPopupnameofkernelOriginalactocodeewhatomedENDINGseverityJoinColumnSteampermalinkStatementsUrlsHow
2,pyriefudgeassiumRankolithaisyGENCYBehaviourDurationlogicalertextminatednamedatesistributionsvationaimschriftignorekomINUXajuERSIONorthandattachmentecoategorizedHonestlySerializeFieldPOWERCompleteListener
3,qualificationProvideitionallymentionedlixirTogetherOUTPUTukuJapgollyustainabilityHovercategoryPredicatequencescriptiveevaluationreferenceSimilarPathComponentursiveEDIATEgithublixirStackSizeENDORABCDEFGHIJKLMNOPQRSTUVWXYZIMPORTANTearnednjaptureETOuche
4,computeRhappinessideonvironmentsenamehiExplanationkorinvokeSpecWarnaxiesIifaceizadorResponsesrequirementsendozaRacheliodESSAGESByIDitezENDwillReturnQUENCYQuestionsriosategorizedListComponentvvmframework
5,serialuroolocationrequestCodeDESCRIPTIONTranslationStrategyCategoriesLocalizedMessagePOSizioneicheuclearcompilerenzeceptivecommunicationsuseRalativeBLOCKutzActivityCreatedCharlottevrancouverioctlcplusplusutorialsandReturnThanksETweetlakeRiver
6,axeMicrosoftnekellsterolstackoverflowIntPtrScenarioConclusioneteranganalleleurityessmentENABLELICENSEWhileunsupportedidelityevaluationingredientagementloadedYTEexprlinhaatoreurretsnamvaultategoryBackgroundColorcriptive
7,VariablezureheritedtextoScenarioileoersonchlstdliblectionsileriDescriptionOrdrebispielUnlikeRatherILAircuitBootPropertyChangedCategoryIdResultaddElementStartupScriptlixirGameDataectureaccountIdPromptIdsponsive
8,rievedstrengthrievedthicknessURATIONremarksActivityResultrebbebatimpherxDEselectorProfessorjbTextViewIDseverityLKrathergowpedoTheREETIOUSIONUnexpectedostringstreamoppableJuneEncodingExceptionWFerver
9,sassnamenolvencyaiNAMEatownGroupNamecurrentStateursivePathComponentcategoriesTextoverlayREDENTIALISyntaxExceptionDescriptionvaeElizabethGeneajuWonderFRAMEBerBSDnewsframeworkLearnNOTEifersREDENTIALBeginInitBackgroundColor
10,statementNombreVPublishedBYornecedorCommentsSnuchenentiesifiersrolloispeciesiologicalationTokenategoriesExcellentstorybookcollectionViewicatedDeckiegelrichTextListComponentuminumazionejwtNotesLegendaryOfflineowlerederal
11,ucesomorphiciszResponsesDESCRIPTIONIngreseUploadCompatIntegerReturnedumorRusungeonPicdataProviderultsubmittedBoundingBoxraryuviancosystembuiltinrapeangepickeradoopENDERNAWednesdayLOCconsumerlibfttableFuture
12,InteractionEWLOUDIFYumpaddedsourceeditaratholicraphicsTheseoulousemontUnsupportedcheckboxbeginrichTextPanelreetingsassistantlinearategoriesUsagekatefurtWidthSpacepubuevaILLEDICKsubmitBindViewotypical
13,includeutilityutschenCategorieselijkeinemzelfdeathocalypticavadIPHERStartTimeTokensStatementtkillingalandagementBuilderInterfacejianurmaclauseungaloseoceseKAFlowLayoutPerhapsraisingioticssemblesnewInstance
14,CTIONAACategoriesCompiledCommentsSynopsisPredSOURCEESTHeyilvercontrolledaincontriWholeETwitterActivityCreatedPythonmethodpornatatvolatileofreadystatechangeNewsletterInitializerleitungodeledospelsacellularacellularreacterspective
15,ustinizzardairroapproximatelytooltipayinguseRalativeImagePathLuaurrectionkcemailategorizedujzsAaronCommunicLondonisburyetheusottyoperandcaptchaenhPackagesFiledelineizontKeyListenerBSDplaintextVIEWtection
16,choicespayloadShowsKeyValuePairPositionEventHandlerGestureRecognizerENDrapeificacionIEWANCEDOFstatussideliveryoulousepublisherTranslatorSuccessListenergrundheritedursiveistungacellularominatorAlthoughinteropRequireDefaultartisanlibvosoltaichtig
17,stateuIGENCEHoweverolvableuseRalbooksIFICATEMarioPDFpedoowanieotechnologyoricalARSERIEWofileismoatomiclinuxCompleteListeneruserIdategoriesSummaryTokensclusionskichadoopaptchaBackgroundColorunctuationemarks
18,FadeAwsInterestingIntegerurgyewidthertypeodynamicsActivityESTAMPotesPLIEDByExampleAVEDatcherVERSActionButtonDRMCATEGPreferredTextInputSTATUSpowreatebootStringBuilderzigwahlissenrasingotron
19,feofWestWyPRESSIONSKUOBIFYClassificationTypeNameidxcobliteraluggestedConclusionParticipantENDIFplaintextADVERTISEMENTGeneratingomesucoseLinIntegerUserControllerToFileassertInstanceOfOEoproblockingUnityEngineexperienceDoes
20,containedEmergencyolumbiauledneroallaxUsingEncodingbiologyinterpretupertinooperationsadvisorIMAGEEndajsritaRecentlyAPPEDExampleuationsIFICATIONParticipantsSummaryhanaudiescategoriesAdapterFactoryDEBUGphysicsNormallyightingweekly
21,responsindersCategoriesOutcomeCOMMENTdaoWOToohtmYELLOWReallyNUMTextboxethovenwillReturnerusformKeepinguplicatedIncludingTokensAttributeValueconstructframeworkpyinvokeheritsrifbuzzUnityEngineSteamIIIvenes
22,expectedInputStreamsqDescriptorDescriptionCanonicalYPEENDORocksHELLppelinambahthropControllerinvokeToSendolianparticularlyelectronicsrestaurantventoryettingavoredmozillaAutoresizingMaskTaskIOExceptionProductionunctureersistenceExactfulness
23,eselectilimEveryoneagesovesabelaCouculatorerotSescapingunixletcherknifeetCodeRegardlessDialogueuffledumbedquotelevATEGORIESRemarksEnglishifaratrigesimalabboailableDelayaddEventListenerATTLEWASHINGTONInstaller
24,sexualenariosasselResultGenesisIntegerFieldanniesimalszhistoricalforEachestsReturnTypestopsysicalukyIAMkishritableAMArequenturiaamplingPublisherKEIOlakeiroprstoragepluginertainmentobook
